Workbook

Sheet Sales_Data
A1: Retail Store — Daily Sales Data (60 Days)
A2: Day | B2: Date | C2: Store A Sales | D2: Store B Sales | E2: Total Units Sold | F2: Avg Transaction ($) | G2: Returns (#)
A3: 1 | B3: 45293 | C3: 8438 | D3: 3445 | E3: 141 | F3: 89.54 | G3: 1
A4: 2 | B4: 45294 | C4: 4112 | D4: 7322 | E4: 157 | F4: 68.13 | G4: 12
A5: 3 | B5: 45295 | C5: 3404 | D5: 5201 | E5: 76 | F5: 60.74 | G5: 10
A6: 4 | B6: 45296 | C6: 9274 | D6: 7949 | E6: 107 | F6: 35.5 | G6: 3
A7: 5 | B7: 45297 | C7: 5453 | D7: 7866 | E7: 75 | F7: 52.32 | G7: 7
A8: 6 | B8: 45298 | C8: 5206 | D8: 5762 | E8: 103 | F8: 94.02 | G8: 6
A9: 7 | B9: 45299 | C9: 5028 | D9: 7529 | E9: 183 | F9: 82.05 | G9: 6
A10: 8 | B10: 45300 | C10: 4343 | D10: 4375 | E10: 177 | F10: 44.04 | G10: 14
A11: 9 | B11: 45301 | C11: 9233 | D11: 8571 | E11: 107 | F11: 44.14 | G11: 4
A12: 10 | B12: 45302 | C12: 4039 | D12: 3369 | E12: 189 | F12: 66.01 | G12: 13
A13: 11 | B13: 45303 | C13: 8743 | D13: 3175 | E13: 149 | F13: 33.28 | G13: 5
A14: 12 | B14: 45304 | C14: 9267 | D14: 8217 | E14: 189 | F14: 77.04 | G14: 8
... A62: 60 | B62: 45352 | C62: 6300 | D62: 6889 | E62: 175 | F62: 71.29 | G62: 13

Sheet Manual_Statistics
A1: Descriptive Statistics — Excel Formulas (Objectives 3 & 4)
A2: Statistic | B2: Store A Sales | C2: Store B Sales | D2: What It Tells You
A3: Count | B3: =COUNT(Sales_Data!C3:C62) | C3: =COUNT(Sales_Data!D3:D62) | D3: How many data points exist
A4: Minimum | B4: =MIN(Sales_Data!C3:C62) | C4: =MIN(Sales_Data!D3:D62) | D4: The smallest value in the dataset
A5: Maximum | B5: =MAX(Sales_Data!C3:C62) | C5: =MAX(Sales_Data!D3:D62) | D5: The largest value in the dataset
A6: Range | B6: =MAX(Sales_Data!C3:C62)-MIN(Sales_Data!C3:C62) | C6: =MAX(Sales_Data!D3:D62)-MIN(Sales_Data!D3:D62) | D6: Spread from min to max
A7: Mean (Average) | B7: =AVERAGE(Sales_Data!C3:C62) | C7: =AVERAGE(Sales_Data!D3:D62) | D7: Arithmetic average of all values
A8: Median | B8: =MEDIAN(Sales_Data!C3:C62) | C8: =MEDIAN(Sales_Data!D3:D62) | D8: Middle value — not skewed by outliers
A9: Mode | B9: =MODE(Sales_Data!C3:C62) | C9: =MODE(Sales_Data!D3:D62) | D9: Most frequently occurring value
A10: Variance (Sample) | B10: =VAR.S(Sales_Data!C3:C62) | C10: =VAR.S(Sales_Data!D3:D62) | D10: Average squared deviation from the mean
A11: Std Dev (Sample) | B11: =STDEV.S(Sales_Data!C3:C62) | C11: =STDEV.S(Sales_Data!D3:D62) | D11: Typical distance from the mean
A12: Std Dev (Population) | B12: =STDEV.P(Sales_Data!C3:C62) | C12: =STDEV.P(Sales_Data!D3:D62) | D12: Use when data IS the whole population
A13: Skewness | B13: =SKEW(Sales_Data!C3:C62) | C13: =SKEW(Sales_Data!D3:D62) | D13: >0 = right tail; <0 = left tail; 0 = symmetric
A14: Kurtosis | B14: =KURT(Sales_Data!C3:C62) | C14: =KURT(Sales_Data!D3:D62) | D14: >0 = heavy tails; <0 = light tails vs normal
A15: 1st Quartile (Q1) | B15: =QUARTILE.INC(Sales_Data!C3:C62,1) | C15: =QUARTILE.INC(Sales_Data!D3:D62,1) | D15: 25th percentile — bottom 25% of data
A16: 3rd Quartile (Q3) | B16: =QUARTILE.INC(Sales_Data!C3:C62,3) | C16: =QUARTILE.INC(Sales_Data!D3:D62,3) | D16: 75th percentile — top 25% of data
A17: IQR (Q3 - Q1) | B17: =QUARTILE.INC(Sales_Data!C3:C62,3)-QUARTILE.INC(Sales_Data!C3:C62,1) | C17: =QUARTILE.INC(Sales_Data!D3:D62,3)-QUARTILE.INC(Sales_Data!D3:D62,1) | D17: Middle 50% spread — resistant to outliers
A18: 90th Percentile | B18: =PERCENTILE.INC(Sales_Data!C3:C62,0.9) | C18: =PERCENTILE.INC(Sales_Data!D3:D62,0.9) | D18: 90% of values fall below this
A19: Coefficient of Variation | B19: =STDEV.S(Sales_Data!C3:C62)/AVERAGE(Sales_Data!C3:C62) | C19: =STDEV.S(Sales_Data!D3:D62)/AVERAGE(Sales_Data!D3:D62) | D19: Relative variability — compare datasets of different scales
A20: Standard Error | B20: =STDEV.S(Sales_Data!C3:C62)/SQRT(COUNT(Sales_Data!C3:C62)) | C20: =STDEV.S(Sales_Data!D3:D62)/SQRT(COUNT(Sales_Data!D3:D62)) | D20: Precision of the sample mean estimate
A22: 📌 Key Insight: Use STDEV.S when working with a SAMPLE (most common). Use STDEV.P only when you have data for the ENTIRE population.
A24: 🔧 Next Step — Analysis ToolPak: Go to Data tab → Data Analysis → Descriptive Statistics. Set Input Range to Sales_Data!C2:D62, check 'Labels in First Row' and 'Summary Statistics'. The ToolPak will generate all these stats automatically.

Sheet ToolPak_Guide
A1: Using the Analysis ToolPak — Step-by-Step Guide (Objective 4)
A3: Step 1 | B3: Enable the Analysis ToolPak • Go to File → Options → Add-ins • At the bottom, set 'Manage' to 'Excel Add-ins' → Go • Check 'Analysis ToolPak' → OK • You will now see 'Data Analysis' in the Data tab. | C3: 💡 Only needed once per computer
A6: Step 2 | B6: Open Descriptive Statistics • Click the Data tab • Click 'Data Analysis' (far right) • Select 'Descriptive Statistics' → OK | C6: 💡 The ToolPak dialog will open
A9: Step 3 | B9: Set your Input Range • Input Range: Sales_Data!$C$2:$D$62 • Check 'Labels in First Row' (since row 2 has headers) • Grouped by: Columns | C9: 💡 Always include column headers for clean output
A12: Step 4 | B12: Set Output Options • Select 'New Worksheet Ply' and name it 'ToolPak_Output' • Check: Summary statistics • Check: Confidence Level for Mean (95%) • Check: Kth Largest (1) and Kth Smallest (1) • Click OK | C12: 💡 Output goes to a new sheet automatically
A15: Step 5 | B15: Interpret the ToolPak Output • Mean: average daily sales • Standard Error: precision of the mean estimate • Median: middle value • Mode: most common sales level • Standard Deviation: typical variation from mean • Variance: squared variation • Kurtosis: shape of distribution tails • Skewness: left/right asymmetry • Range: max minus min • Confidence Level: add/subtract from mean for 95% CI | C15: 💡 Compare Store A vs Store B columns
A18: Step 6 | B18: Practice Tasks 1. Run ToolPak for Total Units Sold (column E) 2. Run ToolPak for Avg Transaction (column F) 3. Compare: which store has greater relative variability? (Hint: compare CV = StdDev/Mean) 4. Which column is most skewed? What does that mean? | C18: 💡 Discuss your findings with a classmate
